start,end,today,deviceid,g_enum_last_name,g_enum_name,g_enum_agency,g_enum_agency_other,g_governorate,g_district,g_sub_district,g_location,g_location_other,g_urbanrural,g_resident,g_population,g_population_check,g_population_correct,g_consent,g_position_KI,g_assistance,g_orgaid,g_orgaid_check,g_orgaid_correct,calc_g_1,w_mainsource,w_drinksource,w_waterappear,w_watersmell,w_watersmell.bad_smell,w_watersmell.bad_appearance,w_watersmell.bad_taste,w_watersmell.refuse,w_waterneeds,w_wateraccess,w_accessproblem,w_accessproblem.waterpoints_far,w_accessproblem.waterpouint_noreach,w_accessproblem.dangerous,w_accessproblem.groups_noaccess,w_accessproblem.water_expensive,w_accessproblem.storage_expensive,w_accessproblem.waiting_time,w_accessproblem.waterpoints_closed,w_accessproblem.not_available,w_accessproblem.water_bedtaste,w_accessproblem.other,w_accessproblem.dnk,w_accessproblem.refuse,w_accessproblem_other,w_treatwater,w_treatmethod,w_treatmethod.settle,w_treatmethod.boil,w_treatmethod.sunlight,w_treatmethod.chlorine,w_treatmethod.hh_filter,w_treatmethod.other,w_treatmethod.dnk,w_treatmethod.refuse,w_treatmethod_other,w_note,w_treatrank_stand,w_treatrank_boiling,w_treatrank_sun,w_treatrank_chlorine,w_treatrank_filter,w_treatrank_other,w_treatwater_who,w_whynot_treat,w_whynot_treat_other,w_chlorinedistribution,w_chlorineyear,w_chlorinemonth,w_jerrycan,w_jerrycandistribution,w_jerrycanyear,w_jerrycanmonth,h_have_soap,h_soapaccess,h_soap_problem,h_soap_problem_other,h_soapdistribution,h_soapyear,h_soapmonth,h_campaign,h_staff,s_latrineaccess,s_latrinetype,s_latrineissues,s_latrineissues.no_latrines,s_latrineissues.latrines_notfunctioning,s_latrineissues.latrines_nosewage,s_latrineissues.pipes_broken,s_latrineissues.sewage_street,s_latrineissues.latines_unclean,s_latrineissues.latines_noprivacy,s_latrineissues.latrines_nosegreg,s_latrineissues.latrines_toofar,s_latrineissues.latrines_noreach,s_latrineissues.dangerous,s_latrineissues.groups_noaccess,s_latrineissues.dnk,s_latrineissues.refuse,s_accessgroupyesno,s_accessgroup,s_accessgroup.women_girls,s_accessgroup.men_boys,s_accessgroup.disabled,s_accessgroup.elderly,s_accessgroup.minorities,s_accessgroup.other,s_accessgroup.dnk,s_accessgroup.refuse,s_accessgroup_other,s_garbage_collection,s_garbage_responsible,s_garbage_disposal,s_ors,s_ors_who,s_ors_who_other,s_orc,x_Note,x_form,x_form_picture_1,x_form_picture_2,x_form_picture_3,x_form_picture_4,x_focalpoint_code,_id,_uuid,_submission_time,_validation_status,_index
2019-11-12T11:55:38.696+03,2019-11-12T13:35:47.052+03,2019-11-12,3.58348E+14,????,??????,rdp,,YE15,YE1518,YE151821,YE15182100133,,urban,mixed,2000,,,yes,???? ????,no,,,,0,water_trucking,water_trucking,no,,,,,,few,yes,waterpoints_far water_expensive storage_expensive waiting_time,1,0,0,0,1,1,1,0,0,0,0,0,0,,none,,,,,,,,,,,,,,,,,,,no_methods,,no,,,few,no,,,none,yes,soap_expensive,,no,,,no,yes,few,flush,pipes_broken sewage_street latines_unclean,0,0,0,1,1,1,0,0,0,0,0,0,0,0,yes,minorities,0,0,0,0,1,0,0,0,,no,women,no,none,,,no,,paper,1573549205738.jpg,1573549220096.jpg,1573549236441.jpg,1573549251254.jpg,897,74092145,8c6c3005-a6f3-4171-812b-649c14513984,2019-11-12T10:48:24,,1
2019-11-12T12:01:45.952+03,2019-11-12T13:38:23.159+03,2019-11-12,3.58348E+14,????,??????,rdp,,YE15,YE1518,YE151821,YE15182100133,,urban,mixed,2100,,,yes,???? ????,no,,,,0,water_trucking,water_trucking,yes,bad_taste,0,0,1,0,few,yes,water_expensive storage_expensive waiting_time,0,0,0,0,1,1,1,0,0,0,0,0,0,,few,sunlight,0,0,1,0,0,0,0,0,,,,,1,,,,men,,,no,,,most,no,,,none,yes,soap_expensive,,no,,,no,no,half,flush,pipes_broken sewage_street latines_unclean,0,0,0,1,1,1,0,0,0,0,0,0,0,0,yes,minorities,0,0,0,0,1,0,0,0,,yes,male_child,no,none,,,no,,paper,1573549548851.jpg,1573549563470.jpg,1573549577136.jpg,1573549590453.jpg,897,74093303,b928d265-9b3f-4002-b54f-8f2f123ef6fe,2019-11-12T10:57:21,,2
2019-11-12T11:31:03.547+03,2019-11-12T13:32:20.827+03,2019-11-12,3.58348E+14,????,??????,rdp,,YE15,YE1518,YE151821,YE15182100133,,urban,mixed,2060,,,yes,?????? ???????,no,,,,0,water_trucking,borehole,yes,bad_smell,1,0,0,0,half,yes,water_bedtaste,0,0,0,0,0,0,0,0,0,1,0,0,0,,few,settle,1,0,0,0,0,0,0,0,,,1,,,,,,women,,,no,,,few,no,,,none,yes,soap_expensive,,no,,,yes,yes,few,flush,pipes_broken sewage_street latines_unclean,0,0,0,1,1,1,0,0,0,0,0,0,0,0,yes,minorities,0,0,0,0,1,0,0,0,,no,women,no,none,,,no,,paper,1573548567371.jpg,1573548580871.jpg,1573548596165.jpg,1573548610804.jpg,897,74094081,366ca8b8-f0a5-46ce-86d5-c99e3ca056fb,2019-11-12T11:03:17,,3
2019-11-13T10:56:08.333+03:00,2019-11-13T11:10:01.351+03:00,2019-11-13,3.59703E+14,???? ???????,????,rdp,,YE15,YE1518,YE151821,other,????????,urban,mixed,2800,,,yes,???? ????,yes,2,,,0,water_trucking,water_trucking,no,,,,,,half,yes,waterpoints_far groups_noaccess water_expensive,1,0,0,1,1,0,0,0,0,0,0,0,0,,few,settle boil chlorine,1,1,0,1,0,0,0,0,,,2,3,,1,,,men,,,yes,2019,oct,few,dnk,,,few,yes,soap_expensive,,yes,2019,oct,no,yes,half,flush,no_latrines pipes_broken sewage_street,1,0,0,1,1,0,0,0,0,0,0,0,0,0,yes,disabled elderly minorities,0,0,1,1,1,0,0,0,,yes,male_child,no,few,men,,yes,,phone,,,,,897,74198534,ab820543-8716-4f5d-b994-80cf0d27399e,2019-11-13T08:25:30,,4
2019-11-13T11:12:03.495+03:00,2019-11-13T11:21:23.389+03:00,2019-11-13,3.59703E+14,????,????,rdp,,YE15,YE1518,YE151821,other,????????,urban,mixed,2810,,,yes,???? ???????,no,,,,0,water_trucking,water_trucking,yes,bad_smell,1,0,0,0,few,yes,groups_noaccess waterpouint_noreach water_expensive,0,1,0,1,1,0,0,0,0,0,0,0,0,,few,settle boil chlorine,1,1,0,1,0,0,0,0,,,2,3,,1,,,women,,,yes,2019,oct,half,dnk,,,few,yes,soap_expensive,,yes,2019,oct,yes,yes,half,flush,pipes_broken sewage_street latines_unclean,0,0,0,1,1,1,0,0,0,0,0,0,0,0,yes,disabled elderly minorities,0,0,1,1,1,0,0,0,,yes,male_child,no,few,women,,no,,phone,,,,,897,74198567,84abb8f3-3e7b-44f1-ae54-5d21e66a7949,2019-11-13T08:25:50,,5
2019-11-13T11:21:45.827+03:00,2019-11-13T11:29:09.942+03:00,2019-11-13,3.59703E+14,????,????,rdp,,YE15,YE1518,YE151821,other,????????,urban,mixed,2790,,,yes,???? ????,no,,,,0,water_trucking,water_trucking,no,,,,,,half,yes,waterpoints_far water_expensive storage_expensive,1,0,0,0,1,1,0,0,0,0,0,0,0,,few,settle boil chlorine,1,1,0,1,0,0,0,0,,,2,3,,1,,,men,,,yes,2019,oct,few,no,,,half,yes,soap_expensive,,yes,2019,oct,yes,yes,most,flush,latrines_notfunctioning pipes_broken sewage_street,0,1,0,1,1,0,0,0,0,0,0,0,0,0,yes,disabled elderly minorities,0,0,1,1,1,0,0,0,,yes,male_child,no,few,men,,yes,,phone,,,,,897,74198569,9e20e0ea-9093-4b91-af70-0fbbf4d69665,2019-11-13T08:25:51,,6
2019-11-13T11:38:40.240+03:00,2019-11-13T12:50:49.447+03:00,2019-11-13,9.90005E+14,????,???????,rdp,,YE15,YE1517,YE151721,YE15172100140,,peri-urban,mixed,3000,,,yes,????,yes,1,,,0,water_trucking,water_trucking,yes,bad_smell bad_taste,1,0,1,0,none,yes,waterpoints_far waterpouint_noreach water_expensive storage_expensive waiting_time,1,1,0,0,1,1,1,0,0,0,0,0,0,,none,,,,,,,,,,,,,,,,,,,toomuch_money,,no,,,half,no,,,half,yes,soap_expensive,,no,,,no,no,everyone,pit_latrine,,,,,,,,,,,,,,,,,,,,,,,,,,,no,male_child,no,none,,,no,,phone,,,,,897,74211769,0fc5496d-ab7b-480b-9e8e-de05ef5fdfa6,2019-11-13T10:01:59,,7
2019-11-13T11:52:01.237+03:00,2019-11-13T12:53:28.407+03:00,2019-11-13,9.90005E+14,????,???????,rdp,,YE15,YE1517,YE151721,YE15172100140,,peri-urban,mixed,3100,,,yes,???? ????,yes,2,,,0,water_trucking,water_trucking,no,,,,,,few,no,,,,,,,,,,,,,,,,none,,,,,,,,,,,,,,,,,,,lack_materials,,yes,2019,oct,half,no,,,most,yes,soap_expensive,,yes,2019,oct,yes,yes,half,pit_latrine,latrines_nosewage pipes_broken sewage_street,0,0,1,1,1,0,0,0,0,0,0,0,0,0,yes,minorities,0,0,0,0,1,0,0,0,,no,male_child,no,none,,,no,,phone,,,,,897,74211771,9062417a-3335-47ea-8d61-5fb6f1c47b33,2019-11-13T10:02:00,,8
2019-11-13T12:09:07.438+03:00,2019-11-13T12:56:26.120+03:00,2019-11-13,9.90005E+14,????,???????,rdp,,YE15,YE1517,YE151721,YE15172100140,,peri-urban,mixed,3300,,,yes,???? ????,no,,,,0,water_trucking,protect_tank,yes,bad_taste,0,0,1,0,few,yes,waterpoints_far water_expensive storage_expensive waiting_time,1,0,0,0,1,1,1,0,0,0,0,0,0,,few,settle,1,0,0,0,0,0,0,0,,,1,,,,,,women,,,no,,,few,no,,,few,yes,soap_expensive,,no,,,no,yes,few,flush,sewage_street pipes_broken latines_unclean,0,0,0,1,1,1,0,0,0,0,0,0,0,0,yes,minorities,0,0,0,0,1,0,0,0,,no,male_child,yes,none,,,no,,phone,,,,,897,74211774,2a4e83d7-67a2-460d-9d83-b6523b605d95,2019-11-13T10:02:01,,9
2019-11-13T12:17:53.682+03:00,2019-11-13T13:00:20.796+03:00,2019-11-13,9.90005E+14,????,???????,rdp,,YE15,YE1517,YE151721,YE15172100140,,urban,mixed,2900,,,yes,???? ????,yes,2,,,0,water_trucking,piped_compund,no,,,,,,none,yes,waterpoints_far water_expensive,1,0,0,0,1,0,0,0,0,0,0,0,0,,dnk,,,,,,,,,,,,,,,,,,,,,yes,2019,oct,few,yes,2017,dnk,most,no,,,yes,2019,oct,yes,no,everyone,pit_latrine,,,,,,,,,,,,,,,,,,,,,,,,,,,yes,male_child,no,few,women,,no,,phone,,,,,897,74211777,4261bede-2874-4875-a6b5-e951b5d8108c,2019-11-13T10:02:02,,10
2019-11-13T12:12:26.098+03:00,2019-11-13T13:03:32.031+03:00,2019-11-13,9.90004E+14,???? ???,???????,rdp,,YE15,YE1517,YE151721,YE15172100167,,urban,mixed,3600,,,yes,???? ????,yes,2,,,0,water_trucking,water_trucking,no,,,,,,half,no,,,,,,,,,,,,,,,,half,chlorine,0,0,0,1,0,0,0,0,,,,,,1,,,women,,,yes,2019,oct,few,no,,,few,yes,bad_qualoty,,yes,2019,oct,no,yes,most,pit_latrine,latrines_notfunctioning,0,1,0,0,0,0,0,0,0,0,0,0,0,0,yes,men_boys,0,1,0,0,0,0,0,0,,no,male_child,no,few,women,,no,,phone,,,,,897,74212046,597d920b-9ac7-4647-ae32-fb285af4cfeb,2019-11-13T10:05:23,,11
2019-11-13T12:24:29.864+03:00,2019-11-13T13:04:03.499+03:00,2019-11-13,9.90004E+14,???? ???,???????,rdp,,YE15,YE1517,YE151721,YE15172100167,,urban,mixed,3450,,,yes,???? ????(???? ??????? ),yes,1,,,0,water_trucking,water_trucking,yes,bad_taste,0,0,1,0,half,yes,water_expensive,0,0,0,0,1,0,0,0,0,0,0,0,0,,few,dnk,0,0,0,0,0,0,1,0,,,,,,,,,women,,,yes,2019,oct,half,no,,,half,yes,soap_expensive,,yes,2019,oct,no,yes,dnk,pit_latrine,,,,,,,,,,,,,,,,,,,,,,,,,,,no,male_child,no,few,women,,yes,,phone,,,,,897,74212051,1a7c26d2-68c9-43b1-95c8-ae8d92a9d5da,2019-11-13T10:05:26,,12
2019-11-13T12:33:20.013+03:00,2019-11-13T13:04:34.115+03:00,2019-11-13,9.90004E+14,???? ???,???????,rdp,,YE15,YE1517,YE151721,YE15172100167,,urban,mixed,3400,,,yes,????? ????? ??? ?????,yes,1,,,0,water_trucking,water_trucking,yes,bad_taste,0,0,1,0,half,yes,water_expensive,0,0,0,0,1,0,0,0,0,0,0,0,0,,few,hh_filter,0,0,0,0,1,0,0,0,,,,,,,1,,women,,,yes,2019,oct,half,no,,,few,yes,soap_expensive,,yes,2019,oct,no,yes,half,pit_latrine,no_latrines,1,0,0,0,0,0,0,0,0,0,0,0,0,0,yes,minorities,0,0,0,0,1,0,0,0,,no,male_child,no,few,women,,yes,,phone,,,,,897,74212057,06cf3f72-828d-40df-88f9-d17a4d292522,2019-11-13T10:05:28,,13
2019-11-13T12:40:17.883+03:00,2019-11-13T13:04:51.690+03:00,2019-11-13,9.90004E+14,???? ???,???????,rdp,,YE15,YE1517,YE151721,YE15172100167,,urban,mixed,3480,,,yes,???? ????,yes,1,,,0,water_trucking,water_trucking,yes,bad_taste,0,0,1,0,half,yes,water_expensive,0,0,0,0,1,0,0,0,0,0,0,0,0,,few,settle,1,0,0,0,0,0,0,0,,,1,,,,,,women,,,yes,2019,oct,half,no,,,half,yes,soap_expensive,,yes,2019,oct,no,yes,half,pit_latrine,sewage_street,0,0,0,0,1,0,0,0,0,0,0,0,0,0,yes,minorities,0,0,0,0,1,0,0,0,,dnk,male_child,no,few,women,,yes,,phone,,,,,897,74212059,f329727c-5035-4333-aa62-8d112ab5b8b1,2019-11-13T10:05:28,,14
2019-11-13T12:14:18.233+03:00,2019-11-13T13:09:36.785+03:00,2019-11-13,9.90005E+14,?????,????,rdp,,YE15,YE1518,YE151821,other,????????,urban,host,5020,,,yes,????? ?????? ?????????,yes,1,,,0,bottled_water,water_trucking,no,,,,,,half,yes,water_expensive,0,0,0,0,1,0,0,0,0,0,0,0,0,,few,chlorine boil hh_filter,0,1,0,1,1,0,0,0,,,,4,,2,5,,women,,,yes,2019,oct,most,yes,2019,may,most,yes,other,????? ??????,yes,2019,oct,yes,yes,half,flush,latrines_notfunctioning latrines_nosewage pipes_broken sewage_street latrines_noreach,0,1,1,1,1,0,0,0,0,1,0,0,0,0,no,,,,,,,,,,,yes,male_child,no,half,women,,yes,,phone,,,,,897,74212720,4c6950cb-7261-4529-8b8a-17fc123348f1,2019-11-13T10:12:19,,15
2019-11-13T12:27:34.533+03:00,2019-11-13T13:10:48.796+03:00,2019-11-13,9.90005E+14,?????,????,rdp,,YE15,YE1518,YE151821,other,????????,urban,host,5000,,,yes,????? ???? ???,yes,1,,,0,bottled_water,water_trucking,no,,,,,,few,yes,water_expensive waiting_time,0,0,0,0,1,0,1,0,0,0,0,0,0,,few,chlorine hh_filter,0,0,0,1,1,0,0,0,,,,,,4,5,,women,,,yes,2019,nov,few,no,,,none,yes,soap_expensive,,no,,,yes,yes,few,flush,latrines_notfunctioning latrines_nosewage pipes_broken sewage_street latines_unclean,0,1,1,1,1,1,0,0,0,0,0,0,0,0,no,,,,,,,,,,,no,female_child,no,few,women,,yes,,phone,,,,,897,74212722,0649ca1a-a566-4ad1-b9be-f401948056b9,2019-11-13T10:12:21,,16
2019-11-13T12:37:32.881+03:00,2019-11-13T13:12:10.656+03:00,2019-11-13,9.90005E+14,?????,????,rdp,,YE15,YE1518,YE151821,other,????????,urban,host,5050,,,yes,????? ?????? ?????????,yes,1,,,0,bottled_water,water_trucking,yes,bad_smell bad_taste,1,0,1,0,few,yes,water_expensive waiting_time water_bedtaste,0,0,0,0,1,0,1,0,0,1,0,0,0,,half,chlorine boil,0,1,0,1,0,0,0,0,,,,4,,2,,,women,,,yes,2019,oct,few,no,,,few,yes,soap_expensive,,yes,2019,oct,yes,yes,most,flush,latrines_notfunctioning latrines_nosewage pipes_broken sewage_street latines_unclean,0,1,1,1,1,1,0,0,0,0,0,0,0,0,no,,,,,,,,,,,no,male_child,yes,few,women,,yes,,phone,,,,,897,74212728,3e466a91-7b14-4cf9-9265-d7e48fa201b5,2019-11-13T10:12:24,,17
2019-11-11T22:10:28.935+03:00,2019-11-13T13:08:43.231+03:00,2019-11-11,8.65389E+13,????? ????????,??????,rdp,,YE15,YE1517,YE151721,other,??????,urban,mixed,4320,,,yes,????? ?????? ?????????,no,,,,0,water_trucking,water_trucking,yes,bad_appearance bad_taste,0,1,1,0,few,yes,waterpoints_far dangerous water_expensive waterpoints_closed,1,0,1,0,1,0,0,1,0,0,0,0,0,,none,,,,,,,,,,,,,,,,,,,lack_materials,,yes,2019,oct,few,yes,2019,oct,few,yes,soap_expensive,,yes,2018,dec,no,yes,most,pit_latrine,latrines_nosewage sewage_street latines_unclean,0,0,1,0,1,1,0,0,0,0,0,0,0,0,yes,other,0,0,0,0,0,1,0,0,??????? ?????????,no,male_child,no,few,other,??? ?????? ???? ?????? ????,no,,phone,,,,,897,74213056,0bbbf6ea-d4f9-49cc-8f3b-d8753ce7dcfa,2019-11-13T10:15:20,,18
2019-11-11T22:22:43.166+03:00,2019-11-13T13:08:58.594+03:00,2019-11-11,8.65389E+13,????? ????????,??????,rdp,,YE15,YE1517,YE151721,other,??????,urban,mixed,4161,,,yes,??? ???? ???????,no,,,,0,water_trucking,water_trucking,yes,bad_taste,0,0,1,0,few,yes,waterpoints_far water_expensive waiting_time waterpoints_closed,1,0,0,0,1,0,1,1,0,0,0,0,0,,none,,,,,,,,,,,,,,,,,,,lack_materials,,yes,2017,sept,few,no,,,none,yes,soap_expensive,,no,,,no,yes,half,pit_latrine,latrines_notfunctioning latrines_nosewage sewage_street latines_unclean,0,1,1,0,1,1,0,0,0,0,0,0,0,0,yes,minorities,0,0,0,0,1,0,0,0,,no,male_child,no,few,women,,no,,phone,,,,,897,74213363,963a4ffa-f812-4cd5-bb14-6f8a4225bced,2019-11-13T10:18:22,,19
2019-11-11T22:28:16.418+03:00,2019-11-13T13:07:35.822+03:00,2019-11-11,8.65389E+13,????? ????????,??????,rdp,,YE15,YE1517,YE151721,other,??????,urban,mixed,4286,,,yes,??? ?????? ?????????,yes,1,,,0,water_trucking,water_trucking,yes,bad_taste,0,0,1,0,half,yes,waterpoints_far waterpouint_noreach water_expensive waiting_time waterpoints_closed not_available storage_expensive water_bedtaste,1,1,0,0,1,1,1,1,1,1,0,0,0,,none,,,,,,,,,,,,,,,,,,,lack_materials,,yes,2019,oct,few,no,,,few,yes,soap_expensive,,yes,2019,oct,no,yes,half,pit_latrine,latrines_nosewage pipes_broken latines_unclean sewage_street,0,0,1,1,1,1,0,0,0,0,0,0,0,0,yes,other,0,0,0,0,0,1,0,0,???????? ??????? ???????? ?? ???????? ??????? ????????,no,male_child,no,few,women,,no,,phone,,,,,897,74213689,61ec2abc-f706-48a1-a923-08f930855622,2019-11-13T10:21:32,,20
2019-11-13T12:59:51.630+03,2019-11-13T13:33:09.736+03,2019-11-13,3.56172E+14,????? ??? ??? ???,???????,rdp,,YE15,YE1519,YE151921,YE15192100107,,urban,mixed,950,,,yes,???? ???????,no,,,,0,water_trucking,water_trucking,no,,,,,,few,no,,,,,,,,,,,,,,,,none,,,,,,,,,,,,,,,,,,,water_clean,,yes,2019,jan,most,yes,2019,jan,half,yes,soap_expensive,,yes,2019,jan,yes,yes,everyone,flush,,,,,,,,,,,,,,,,,,,,,,,,,,,yes,male_child,yes,few,women,,no,,phone,,,,,897,74215601,24f992fe-3893-4ff1-8744-a5a89c39db63,2019-11-13T10:37:14,,21
2019-11-13T13:11:31.966+03,2019-11-13T13:30:43.334+03,2019-11-13,3.56172E+14,????? ??? ??? ???,???????,rdp,,YE15,YE1519,YE151921,YE15192100107,,urban,mixed,1100,,,yes,???? ????,no,,,,0,water_trucking,water_trucking,no,,,,,,most,no,,,,,,,,,,,,,,,,none,,,,,,,,,,,,,,,,,,,water_clean,,yes,2019,jan,most,yes,2019,jan,few,yes,soap_expensive,,yes,2019,jan,yes,yes,half,flush,no_latrines pipes_broken sewage_street,1,0,0,1,1,0,0,0,0,0,0,0,0,0,yes,minorities,0,0,0,0,1,0,0,0,,yes,male_child,yes,few,women,,no,,phone,,,,,897,74215604,f0773f57-d999-424a-a7e1-03058b2c1451,2019-11-13T10:37:16,,22
2019-11-13T13:16:45.107+03,2019-11-13T13:34:49.022+03,2019-11-13,3.56172E+14,????? ??? ??? ???,???????,rdp,,YE15,YE1519,YE151921,YE15192100107,,urban,mixed,1150,,,yes,???? ??????,no,,,,0,water_trucking,water_trucking,yes,bad_taste,0,0,1,0,most,yes,waiting_time,0,0,0,0,0,0,1,0,0,0,0,0,0,,none,,,,,,,,,,,,,,,,,,,water_clean,,yes,2019,jan,half,yes,2019,jan,most,yes,soap_expensive,,yes,2019,jan,no,yes,half,flush,pipes_broken sewage_street,0,0,0,1,1,0,0,0,0,0,0,0,0,0,yes,minorities,0,0,0,0,1,0,0,0,,yes,male_child,yes,few,women,,no,,phone,,,,,897,74215605,fe41ff95-c9fc-4a14-a483-070328b4bfbd,2019-11-13T10:37:16,,23
2019-11-13T13:20:28.773+03,2019-11-13T13:36:41.272+03,2019-11-13,3.56172E+14,????? ??? ??? ???,???????,rdp,,YE15,YE1519,YE151921,YE15192100107,,urban,mixed,1000,,,yes,?????,no,,,,0,water_trucking,water_trucking,yes,bad_taste,0,0,1,0,half,no,,,,,,,,,,,,,,,,none,,,,,,,,,,,,,,,,,,,water_clean,,yes,2019,jan,half,yes,2019,jan,few,yes,soap_expensive,,yes,2019,jan,yes,yes,most,flush,latrines_notfunctioning pipes_broken sewage_street,0,1,0,1,1,0,0,0,0,0,0,0,0,0,yes,disabled,0,0,1,0,0,0,0,0,,yes,male_child,no,few,women,,no,,phone,,,,,897,74215606,df4b4c0a-77e4-4f9a-a194-870748bd1586,2019-11-13T10:37:18,,24
2019-11-13T12:56:35.822+03:00,2019-11-13T13:33:37.767+03:00,2019-11-13,9.90005E+14,????,???????,rdp,,YE15,YE1517,YE151721,YE15172100135,,urban,mixed,6000,,,yes,???? ???? ???????,yes,1,,,0,water_trucking,water_trucking,yes,bad_smell bad_taste,1,0,1,0,few,yes,waterpoints_far waterpouint_noreach groups_noaccess storage_expensive water_expensive waiting_time waterpoints_closed,1,1,0,1,1,1,1,1,0,0,0,0,0,,few,boil chlorine hh_filter,0,1,0,1,1,0,0,0,,,,2,,4,5,,women,,,yes,2019,oct,most,yes,2018,jan,few,yes,soap_expensive,,yes,2019,oct,no,yes,most,pit_latrine,latrines_notfunctioning pipes_broken sewage_street latines_unclean latines_noprivacy latrines_nosegreg,0,1,0,1,1,1,1,1,0,0,0,0,0,0,yes,minorities,0,0,0,0,1,0,0,0,,yes,male_child,no,few,women,,no,,phone,,,,,897,74217812,762fffd5-4de6-4e29-b280-7262a3b091ae,2019-11-13T10:53:28,,25
2019-11-13T13:10:06.951+03:00,2019-11-13T13:35:19.446+03:00,2019-11-13,9.90005E+14,????,???????,rdp,,YE15,YE1517,YE151721,YE15172100135,,urban,mixed,5900,,,yes,???? ????,yes,1,,,0,water_trucking,protect_well,yes,bad_taste,0,0,1,0,half,yes,groups_noaccess water_expensive storage_expensive waiting_time,0,0,0,1,1,1,1,0,0,0,0,0,0,,most,boil hh_filter chlorine,0,1,0,1,1,0,0,0,,,,4,,5,2,,women,,,yes,2019,oct,half,yes,2017,dec,most,yes,soap_expensive,,yes,2019,oct,yes,yes,most,pit_latrine,latrines_notfunctioning pipes_broken sewage_street latines_unclean,0,1,0,1,1,1,0,0,0,0,0,0,0,0,yes,minorities,0,0,0,0,1,0,0,0,,yes,male_child,yes,few,women,,no,,phone,,,,,897,74217814,754f4429-cf65-4fe9-adbf-bdfd3d6a8046,2019-11-13T10:53:28,,26
2019-11-13T13:23:48.378+03:00,2019-11-13T13:36:46.331+03:00,2019-11-13,9.90005E+14,????,???????,rdp,,YE15,YE1517,YE151721,YE15172100135,,urban,mixed,5700,,,yes,???? ????,yes,1,,,0,water_trucking,water_trucking,yes,bad_smell,1,0,0,0,half,yes,groups_noaccess water_expensive storage_expensive waiting_time,0,0,0,1,1,1,1,0,0,0,0,0,0,,half,boil chlorine hh_filter,0,1,0,1,1,0,0,0,,,,2,,3,5,,women,,,yes,2019,oct,half,yes,2017,dec,few,yes,soap_expensive,,yes,2019,oct,yes,yes,most,pit_latrine,pipes_broken sewage_street latines_unclean,0,0,0,1,1,1,0,0,0,0,0,0,0,0,yes,minorities,0,0,0,0,1,0,0,0,,yes,men,yes,few,women,,no,,phone,,,,,897,74217815,62b2f941-0efd-4456-8b3a-48bd2c88d955,2019-11-13T10:53:29,,27
2019-11-11T11:30:36.174+03:00,2019-11-14T09:12:44.497+03:00,2019-11-11,8.65389E+13,????? ????????,??????,rdp,,YE15,YE1517,YE151721,other,??????,urban,mixed,4620,,,yes,???? ???? ??? ?????? ?????????,no,,,,0,water_trucking,water_trucking,no,,,,,,half,no,,,,,,,,,,,,,,,,none,,,,,,,,,,,,,,,,,,,lack_materials,,no,,,few,no,,,few,yes,soap_expensive,,no,,,no,yes,most,flush,pipes_broken latrines_nosegreg,0,0,0,1,0,0,0,1,0,0,0,0,0,0,yes,other,0,0,0,0,0,1,0,0,????????,no,male_child,no,none,,,no,,phone,,,,,897,74315583,c8baa69b-1b49-408a-9a5e-8d2c84a8e7da,2019-11-14T06:14:03,,28
2019-11-11T22:01:54.638+03:00,2019-11-14T09:13:15.086+03:00,2019-11-11,8.65389E+13,????? ????????,??????,rdp,,YE15,YE1517,YE151721,other,??????,urban,mixed,4200,,,yes,????? ?????? ?????????,yes,1,,,0,water_trucking,water_trucking,yes,bad_taste,0,0,1,0,half,yes,water_expensive waterpoints_closed not_available water_bedtaste,0,0,0,0,1,0,0,1,1,1,0,0,0,,none,,,,,,,,,,,,,,,,,,,no_methods,,yes,2019,oct,few,no,,,few,yes,soap_expensive,,yes,2019,oct,no,yes,none,pit_latrine,latrines_nosewage pipes_broken latines_unclean,0,0,1,1,0,1,0,0,0,0,0,0,0,0,yes,other,0,0,0,0,0,1,0,0,???????? ???????? ?? ???????? ??????? ????????,no,male_child,no,few,women,,no,,phone,,,,,897,74315650,b54d77e4-b9c3-4390-ae89-998d8d51c391,2019-11-14T06:14:55,,29
2019-11-12T16:20:13.572+03:00,2019-11-14T10:24:06.466+03:00,2019-11-12,8.69354E+14,????? ????,???????,rdp,,YE15,YE1514,YE151429,other,????,rural,mixed,1050,,,yes,???? ?????? ?????????,yes,1,,,0,borehole,borehole,no,,,,,,most,yes,water_expensive waiting_time,0,0,0,0,1,0,1,0,0,0,0,0,0,,none,,,,,,,,,,,,,,,,,,,lack_materials,,yes,2018,dnk,most,dnk,,,few,yes,groups_noaccess,,dnk,,,yes,yes,half,pit_latrine,sewage_street latrines_notfunctioning latrines_nosewage latines_unclean,0,1,1,0,1,1,0,0,0,0,0,0,0,0,yes,minorities disabled,0,0,1,0,1,0,0,0,,yes,women,yes,few,men,,yes,,phone,,,,,897,74320663,246699ea-32c6-4976-9c5a-645c88d056b0,2019-11-14T07:25:00,,30
2019-11-12T16:46:23.496+03:00,2019-11-14T10:24:14.577+03:00,2019-11-12,8.69354E+14,????? ????,???????,rdp,,YE15,YE1514,YE151429,other,????,rural,mixed,1050,,,yes,?????_ ????? ??????,no,,,,0,borehole,borehole,yes,bad_taste,0,0,1,0,most,no,,,,,,,,,,,,,,,,none,,,,,,,,,,,,,,,,,,,lack_materials,,yes,2018,dnk,most,yes,2017,dnk,half,yes,soap_expensive,,yes,2018,dec,yes,yes,most,pit_latrine,pipes_broken sewage_street latines_unclean,0,0,0,1,1,1,0,0,0,0,0,0,0,0,yes,minorities,0,0,0,0,1,0,0,0,,yes,women,no,few,men,,yes,,phone,,,,,897,74320664,aa857a18-f77c-4d01-9a1b-53b6ef96fdfd,2019-11-14T07:25:01,,31
2019-11-12T16:52:13.047+03:00,2019-11-14T10:24:21.378+03:00,2019-11-12,8.69354E+14,????? ????,???????,rdp,,YE15,YE1514,YE151429,other,????,rural,mixed,1050,,,yes,???? ???? ???? ????? _ ???? ????? ??????,yes,3,,,0,borehole,borehole,yes,bad_taste bad_appearance,0,1,1,0,most,yes,dangerous,0,0,1,0,0,0,0,0,0,0,0,0,0,,none,,,,,,,,,,,,,,,,,,,lack_materials,,yes,2019,nov,half,yes,2018,dec,few,yes,soap_expensive,,yes,2018,dec,yes,yes,few,pit_latrine,latrines_notfunctioning pipes_broken sewage_street,0,1,0,1,1,0,0,0,0,0,0,0,0,0,yes,minorities,0,0,0,0,1,0,0,0,,no,women,no,few,women,,yes,,phone,,,,,897,74320665,7a6624e1-d46e-4578-9f25-d73248b7a46e,2019-11-14T07:25:02,,32
2019-11-12T22:03:11.192+03:00,2019-11-14T10:24:28.682+03:00,2019-11-12,8.69354E+14,????? ????,???????,rdp,,YE15,YE1514,YE151429,other,????,rural,mixed,1050,,,yes,??? ????,yes,1,,,0,borehole,protect_spring,yes,bad_taste,0,0,1,0,most,no,,,,,,,,,,,,,,,,none,,,,,,,,,,,,,,,,,,,lack_materials,,yes,2018,dnk,most,yes,2017,dnk,few,yes,soap_expensive,,yes,2019,dnk,yes,yes,most,pit_latrine,pipes_broken sewage_street latines_unclean,0,0,0,1,1,1,0,0,0,0,0,0,0,0,no,,,,,,,,,,,yes,women,no,few,men,,yes,,phone,,,,,897,74320667,8647ba90-6264-40cd-ae34-a294b55aaa23,2019-11-14T07:25:03,,33
2019-11-12T22:37:22.629+03:00,2019-11-14T10:24:36.797+03:00,2019-11-12,8.69354E+14,????? ????,???????,rdp,,YE15,YE1514,YE151430,other,?????,peri-urban,mixed,1150,,,yes,??? ?????? ??????,no,,,,0,borehole,borehole,yes,bad_taste,0,0,1,0,half,yes,waiting_time,0,0,0,0,0,0,1,0,0,0,0,0,0,,none,,,,,,,,,,,,,,,,,,,lack_materials,,yes,2018,dnk,most,yes,2017,dnk,half,yes,soap_expensive,,yes,2019,feb,yes,yes,most,pit_latrine,pipes_broken sewage_street,0,0,0,1,1,0,0,0,0,0,0,0,0,0,yes,minorities,0,0,0,0,1,0,0,0,,no,women,no,half,women,,yes,,phone,,,,,897,74320670,97428b8c-39df-457b-9d35-3e395c17fea7,2019-11-14T07:25:03,,34
2019-11-12T22:42:53.120+03:00,2019-11-14T10:24:43.526+03:00,2019-11-12,8.69354E+14,????? ????,???????,rdp,,YE15,YE1514,YE151430,other,?????,peri-urban,mixed,1150,,,yes,??? ?????? ????????? _ ??? ?????? ??????,no,,,,0,borehole,borehole,yes,bad_smell bad_taste,1,0,1,0,half,yes,water_expensive waiting_time,0,0,0,0,1,0,1,0,0,0,0,0,0,,half,sunlight,0,0,1,0,0,0,0,0,,,,,3,,,,women,,,yes,2019,oct,half,yes,2018,sept,half,yes,soap_expensive,,yes,2018,jan,yes,yes,most,pit_latrine,sewage_street pipes_broken latines_unclean,0,0,0,1,1,1,0,0,0,0,0,0,0,0,no,,,,,,,,,,,no,women,no,half,women,,yes,,phone,,,,,897,74320671,8d58f03f-574e-434b-ae3c-8906120b720c,2019-11-14T07:25:04,,35
2019-11-14T09:58:12.596+03,2019-11-14T10:29:17.809+03,2019-11-14,A0000047EEBE4F,???? ??? ?????,???????,rdp,,YE15,YE1519,YE151921,other,???????,urban,mixed,2400,,,yes,???? ??????,no,,,,0,bottled_water,water_trucking,no,,,,,,half,no,,,,,,,,,,,,,,,,half,settle boil chlorine,1,1,0,1,0,0,0,0,,,1,2,,3,,,women,,,yes,2019,jun,half,yes,2019,jun,most,yes,soap_expensive,,yes,2019,jun,yes,yes,everyone,flush,,,,,,,,,,,,,,,,,,,,,,,,,,,no,male_child,no,half,women,,no,,phone,,,,,897,74321637,be1174fe-98f8-4795-8b64-e9d57923d122,2019-11-14T07:36:07,,36
2019-11-14T10:09:01.646+03,2019-11-14T10:14:09.955+03,2019-11-14,A0000047EEBE4F,????,??? ????? ???? ???????,rdp,,YE15,YE1519,YE151921,other,???????,urban,mixed,2700,,,yes,?? ?????? ?????????,no,,,,0,water_trucking,water_trucking,no,,,,,,half,yes,waiting_time,0,0,0,0,0,0,1,0,0,0,0,0,0,,none,,,,,,,,,,,,,,,,,,,water_clean,,yes,2019,jul,half,yes,2019,jul,half,yes,soap_expensive,,yes,2019,jul,yes,yes,everyone,flush,,,,,,,,,,,,,,,,,,,,,,,,,,,yes,male_child,yes,half,women,,no,,phone,,,,,897,74321690,4314fa07-93ee-4c2f-9767-60ad4528e8ae,2019-11-14T07:36:29,,37
2019-11-14T10:14:30.390+03,2019-11-14T10:34:52.928+03,2019-11-14,A0000047EEBE4F,???? ??? ?????,???????,rdp,,YE15,YE1519,YE151921,other,???????,urban,mixed,2600,,,yes,???? ??????,no,,,,0,water_trucking,water_trucking,yes,bad_taste,0,0,1,0,half,yes,water_expensive waiting_time,0,0,0,0,1,0,1,0,0,0,0,0,0,,none,,,,,,,,,,,,,,,,,,,toomuch_money,,yes,2019,mar,most,yes,2017,dnk,half,yes,soap_expensive,,yes,2019,may,no,yes,most,pit_latrine,latines_unclean,0,0,0,0,0,1,0,0,0,0,0,0,0,0,no,,,,,,,,,,,yes,male_child,yes,half,women,,no,,phone,,,,,897,74321710,0147a876-0909-4b0e-8750-60acae481e16,2019-11-14T07:36:36,,38
2019-11-14T10:20:38.225+03,2019-11-14T10:35:15.455+03,2019-11-14,A0000047EEBE4F,????,??? ????? ???? ???????,rdp,,YE15,YE1519,YE151921,other,???????,urban,mixed,2500,,,yes,?? ?????? ?????????,no,,,,0,water_trucking,water_trucking,no,,,,,,most,yes,groups_noaccess,0,0,0,1,0,0,0,0,0,0,0,0,0,,none,,,,,,,,,,,,,,,,,,,toomuch_money,,yes,2019,may,half,yes,2019,may,most,yes,soap_expensive,,yes,2019,may,yes,yes,most,flush,latines_unclean,0,0,0,0,0,1,0,0,0,0,0,0,0,0,yes,men_boys,0,1,0,0,0,0,0,0,,no,male_child,no,half,women,,no,,phone,,,,,897,74321717,17eeedc1-704e-434a-af25-08b2cc682a65,2019-11-14T07:36:40,,39
2019-11-14T10:59:25.559+03:00,2019-11-14T11:47:43.962+03:00,2019-11-14,9.90005E+14,????,??????,rdp,,YE15,YE1519,YE151921,other,????????,peri-urban,mixed,900,,,yes,????? ??????,no,,,,0,water_trucking,piped_tap,no,,,,,,half,yes,waterpoints_far waterpouint_noreach water_expensive storage_expensive,1,1,0,0,1,1,0,0,0,0,0,0,0,,few,settle chlorine,1,0,0,1,0,0,0,0,,,1,,,4,,,women,,,yes,2019,sept,half,yes,2019,sept,half,yes,soap_expensive,,yes,2019,sept,yes,yes,most,flush,pipes_broken sewage_street latines_unclean,0,0,0,1,1,1,0,0,0,0,0,0,0,0,no,,,,,,,,,,,yes,male_child,no,none,,,no,,phone,,,,,897,74328692,748683a8-0f35-4a0f-b2cb-912aabc7cf3a,2019-11-14T08:56:05,,40
2019-11-14T11:09:38.747+03:00,2019-11-14T11:50:17.675+03:00,2019-11-14,9.90005E+14,????,??????,rdp,,YE15,YE1519,YE151921,other,????????,peri-urban,mixed,920,,,yes,???? ????,no,,,,0,water_trucking,protect_tank,no,,,,,,half,yes,waterpoints_far water_expensive storage_expensive,1,0,0,0,1,1,0,0,0,0,0,0,0,,few,settle chlorine,1,0,0,1,0,0,0,0,,,1,,,4,,,men,,,yes,2019,sept,half,yes,2019,sept,few,yes,soap_expensive,,yes,2019,sept,yes,yes,most,flush,pipes_broken sewage_street latines_unclean,0,0,0,1,1,1,0,0,0,0,0,0,0,0,no,,,,,,,,,,,yes,male_child,no,none,,,yes,,phone,,,,,897,74328695,df4f6ca7-8094-43cd-b141-c1fcd2d6dd1d,2019-11-14T08:56:07,,41
2019-11-14T11:15:27.390+03:00,2019-11-14T11:52:05.502+03:00,2019-11-14,9.90005E+14,????,??????,rdp,,YE15,YE1519,YE151921,other,????????,urban,mixed,900,,,yes,???? ????,no,,,,0,water_trucking,illegal_piped,yes,bad_taste,0,0,1,0,half,yes,waterpoints_far water_expensive storage_expensive waiting_time,1,0,0,0,1,1,1,0,0,0,0,0,0,,few,settle boil,1,1,0,0,0,0,0,0,,,1,2,,,,,women,,,no,,,few,no,,,few,yes,soap_expensive,,no,,,yes,yes,few,flush,pipes_broken sewage_street latines_unclean,0,0,0,1,1,1,0,0,0,0,0,0,0,0,no,,,,,,,,,,,yes,men,yes,none,,,no,,phone,,,,,897,74328696,7eef8207-0357-478d-b50a-b5cee24c9a80,2019-11-14T08:56:08,,42
2019-11-14T11:21:22.680+03:00,2019-11-14T11:53:11.978+03:00,2019-11-14,9.90005E+14,????,??????,rdp,,YE15,YE1519,YE151921,other,????????,peri-urban,mixed,790,,,yes,?????? ???????,no,,,,0,water_trucking,protect_tank,no,,,,,,few,yes,storage_expensive,0,0,0,0,0,1,0,0,0,0,0,0,0,,few,settle chlorine,1,0,0,1,0,0,0,0,,,1,,,2,,,men,,,yes,2019,sept,half,yes,2019,sept,few,yes,soap_expensive,,yes,2019,sept,yes,no,most,pit_vip,pipes_broken sewage_street,0,0,0,1,1,0,0,0,0,0,0,0,0,0,no,,,,,,,,,,,yes,male_child,no,few,women,,no,,phone,,,,,897,74328701,5796eb6c-73bf-442d-aad1-516ff4aa8fb0,2019-11-14T08:56:09,,43
2019-11-14T11:27:25.401+03:00,2019-11-14T11:54:20.622+03:00,2019-11-14,9.90005E+14,????,??????,rdp,,YE15,YE1519,YE151921,other,????????,peri-urban,mixed,850,,,yes,????,no,,,,0,water_trucking,protect_well,yes,bad_taste,0,0,1,0,half,yes,waterpoints_far water_expensive storage_expensive waiting_time,1,0,0,0,1,1,1,0,0,0,0,0,0,,few,settle chlorine,1,0,0,1,0,0,0,0,,,1,,,4,,,men,,,yes,2019,sept,few,no,,,few,yes,soap_expensive,,dnk,,,yes,yes,few,flush,pipes_broken sewage_street latines_unclean,0,0,0,1,1,1,0,0,0,0,0,0,0,0,yes,disabled,0,0,1,0,0,0,0,0,,no,male_child,no,none,,,no,,phone,,,,,897,74328703,d4ef5ebd-0ad8-4a21-9959-bb2d9fdaa735,2019-11-14T08:56:10,,44
2019-11-14T11:32:37.037+03:00,2019-11-14T11:55:31.832+03:00,2019-11-14,9.90005E+14,????,??????,rdp,,YE15,YE1519,YE151921,other,????????,urban,mixed,820,,,yes,???? ????,no,,,,0,protect_tank,water_trucking,yes,bad_taste,0,0,1,0,half,yes,waterpoints_far water_expensive waiting_time,1,0,0,0,1,0,1,0,0,0,0,0,0,,few,settle chlorine,1,0,0,1,0,0,0,0,,,1,,,4,,,men,,,yes,2019,jul,few,yes,2019,jul,few,yes,soap_expensive,,yes,2019,jul,yes,yes,most,flush,sewage_street,0,0,0,0,1,0,0,0,0,0,0,0,0,0,yes,minorities,0,0,0,0,1,0,0,0,,yes,male_child,no,few,women,,no,,phone,,,,,897,74328707,cf075a52-67e6-4767-8213-d0081a570d5f,2019-11-14T08:56:11,,45
2019-11-14T11:09:51.493+03:00,2019-11-14T11:57:51.144+03:00,2019-11-14,3.56352E+14,????,?????,rdp,,YE15,YE1519,YE151921,YE15192100126,,peri-urban,host,1115,,,yes,????? ? ???? ???????,no,,,,0,protect_spring,protect_tank,yes,bad_smell bad_appearance,1,1,0,0,few,yes,waterpoints_far waterpouint_noreach water_expensive storage_expensive,1,1,0,0,1,1,0,0,0,0,0,0,0,,few,settle hh_filter chlorine,1,0,0,1,1,0,0,0,,,1,,,5,4,,women,,,yes,2019,jun,half,yes,2019,jun,few,yes,soap_expensive,,yes,2019,jun,yes,yes,most,pit_latrine,no_latrines latrines_nosegreg latrines_noreach,1,0,0,0,0,0,0,1,0,1,0,0,0,0,yes,elderly disabled,0,0,1,1,0,0,0,0,,no,male_child,no,few,women,,no,,phone,,,,,897,74329615,f782197e-14d1-473b-8b8a-ad0a0063e9dd,2019-11-14T09:06:29,,46
2019-11-14T11:22:08.358+03:00,2019-11-14T12:02:20.879+03:00,2019-11-14,3.56352E+14,????,?????,rdp,,YE15,YE1519,YE151921,YE15192100126,,peri-urban,host,1120,,,yes,???? ????? ????? ???????,yes,1,,,0,protect_spring,water_trucking,yes,bad_appearance,0,1,0,0,few,yes,waterpoints_far waterpouint_noreach groups_noaccess water_expensive storage_expensive,1,1,0,1,1,1,0,0,0,0,0,0,0,,few,settle chlorine hh_filter,1,0,0,1,1,0,0,0,,,1,,,5,4,,women,,,yes,2019,jun,most,yes,2019,jun,few,yes,soap_expensive,,yes,2019,jun,yes,yes,most,pit_latrine,no_latrines latines_unclean latrines_nosegreg latrines_noreach,1,0,0,0,0,1,0,1,0,1,0,0,0,0,yes,disabled elderly,0,0,1,1,0,0,0,0,,yes,male_child,no,few,women,,no,,phone,,,,,897,74329616,cb82c409-8eed-4632-8b11-4d603cef9d82,2019-11-14T09:06:30,,47
2019-11-14T11:32:13.360+03:00,2019-11-14T12:03:46.237+03:00,2019-11-14,3.56352E+14,????,?????,rdp,,YE15,YE1519,YE151921,YE15192100126,,peri-urban,host,1125,,,yes,????? ? ????? ????? ???????,no,,,,0,protect_spring,protect_spring,yes,bad_smell bad_appearance,1,1,0,0,few,yes,waterpouint_noreach storage_expensive,0,1,0,0,0,1,0,0,0,0,0,0,0,,few,chlorine hh_filter,0,0,0,1,1,0,0,0,,,,,,1,5,,women,,,yes,2019,jun,half,yes,2019,jun,few,yes,soap_expensive,,yes,2019,jun,yes,yes,most,pit_latrine,no_latrines sewage_street latines_unclean latrines_nosegreg latrines_noreach,1,0,0,0,1,1,0,1,0,1,0,0,0,0,yes,disabled elderly,0,0,1,1,0,0,0,0,,no,male_child,no,few,women,,no,,phone,,,,,897,74329617,af1bca29-c09c-4ea6-9ca9-baf5882934bf,2019-11-14T09:06:31,,48
2019-11-14T11:40:58.615+03:00,2019-11-14T12:06:21.404+03:00,2019-11-14,3.56352E+14,????,?????,rdp,,YE15,YE1519,YE151921,YE15192100126,,peri-urban,host,1140,,,yes,????? ??? ???? ???????,yes,1,,,0,protect_spring,protect_tank,yes,bad_smell bad_taste bad_appearance,1,1,1,0,half,yes,waterpoints_far waterpouint_noreach storage_expensive,1,1,0,0,0,1,0,0,0,0,0,0,0,,few,settle chlorine hh_filter,1,0,0,1,1,0,0,0,,,1,,,5,4,,women,,,yes,2019,jun,few,yes,2019,jun,few,yes,soap_expensive,,yes,2019,jun,yes,yes,most,pit_latrine,no_latrines latines_unclean latrines_nosegreg latrines_noreach,1,0,0,0,0,1,0,1,0,1,0,0,0,0,yes,disabled elderly,0,0,1,1,0,0,0,0,,dnk,male_child,yes,few,women,,no,,phone,,,,,897,74329621,97d49a56-9bc6-4928-be9b-d91081e0b0d6,2019-11-14T09:06:32,,49
2019-11-14T10:02:16.047+03:00,2019-11-14T12:44:24.292+03:00,2019-11-14,3.57425E+14,???? ????,??????,rdp,,YE15,YE1518,YE151821,other,??????,urban,mixed,1339,,,yes,?????,dnk,,,,0,water_trucking,piped_tap,yes,bad_taste,0,0,1,0,half,yes,waiting_time not_available,0,0,0,0,0,0,1,0,1,0,0,0,0,,few,settle boil chlorine,1,1,0,1,0,0,0,0,,,1,2,,4,,,women,,,yes,2019,oct,most,yes,2017,dnk,half,yes,soap_expensive,,yes,2019,oct,no,yes,most,pit_latrine,pipes_broken sewage_street latines_unclean,0,0,0,1,1,1,0,0,0,0,0,0,0,0,yes,other,0,0,0,0,0,1,0,0,???????? ?? ??????? ????????,yes,male_child,no,none,,,no,,phone,,,,,897,74333554,cf72ee17-1bc3-463d-af3d-bbdcdf4fc46f,2019-11-14T09:47:05,,50
2019-11-14T10:26:07.856+03:00,2019-11-14T12:45:31.073+03:00,2019-11-14,3.57425E+14,???? ????,??????,rdp,,YE15,YE1518,YE151821,other,??????,urban,mixed,1400,,,yes,???? ???????,yes,1,,,0,water_trucking,piped_tap,no,,,,,,half,yes,water_expensive waiting_time not_available,0,0,0,0,1,0,1,0,1,0,0,0,0,,few,boil chlorine,0,1,0,1,0,0,0,0,,,,2,,4,,,women,,,yes,2019,nov,half,dnk,,,half,yes,soap_expensive,,yes,2019,oct,yes,yes,most,flush,latrines_notfunctioning pipes_broken sewage_street,0,1,0,1,1,0,0,0,0,0,0,0,0,0,yes,disabled elderly minorities,0,0,1,1,1,0,0,0,,yes,male_child,no,few,women,,no,,phone,,,,,897,74333555,e7d7b389-444a-4c70-9dd6-e53fd978988e,2019-11-14T09:47:06,,51
2019-11-14T11:59:37.738+03:00,2019-11-14T12:46:30.071+03:00,2019-11-14,3.57425E+14,???? ????,??????,rdp,,YE15,YE1518,YE151821,other,??????,urban,mixed,1350,,,yes,???? ????? ????,yes,1,,,0,water_trucking,piped_tap,yes,bad_taste,0,0,1,0,half,yes,water_expensive storage_expensive not_available,0,0,0,0,1,1,0,0,1,0,0,0,0,,few,settle boil,1,1,0,0,0,0,0,0,,,1,2,,,,,women,,,dnk,,,few,yes,2015,dnk,most,no,,,yes,2019,oct,yes,yes,most,pit_latrine,pipes_broken sewage_street latines_unclean,0,0,0,1,1,1,0,0,0,0,0,0,0,0,no,,,,,,,,,,,yes,male_child,yes,few,women,,no,,phone,,,,,897,74333557,25596376-6628-4449-a6bc-07754c858dcf,2019-11-14T09:47:09,,52
2019-11-14T12:09:28.766+03:00,2019-11-14T12:46:51.908+03:00,2019-11-14,3.57425E+14,???? ????,??????,rdp,,YE15,YE1518,YE151821,other,??????,urban,mixed,1440,,,yes,???? ???????,yes,1,,,0,water_trucking,protect_tank,no,,,,,,half,yes,waterpoints_far water_expensive not_available,1,0,0,0,1,0,0,0,1,0,0,0,0,,none,,,,,,,,,,,,,,,,,,,no_methods,,dnk,,,half,dnk,,,half,yes,soap_expensive,,yes,2019,oct,no,yes,most,pit_latrine,no_latrines pipes_broken sewage_street,1,0,0,1,1,0,0,0,0,0,0,0,0,0,yes,disabled elderly minorities,0,0,1,1,1,0,0,0,,no,male_child,dnk,dnk,,,no,,phone,,,,,897,74333560,d0750fb8-2e91-41c0-ae9a-76d2d5bb893e,2019-11-14T09:47:11,,53
2019-11-12T11:31:03.547+03,2019-11-13T14:11:31.331+03,2019-11-12,3.58348E+14,????,??????,rdp,,YE15,YE1518,YE151821,YE15182100133,,urban,mixed,2060,,,yes,?????? ???????,no,,,,0,water_trucking,borehole,yes,bad_smell,1,0,0,0,half,yes,water_bedtaste,0,0,0,0,0,0,0,0,0,1,0,0,0,,few,settle,1,0,0,0,0,0,0,0,,,1,,,,,,women,,,no,,,few,no,,,none,yes,soap_expensive,,no,,,yes,yes,few,flush,pipes_broken sewage_street latines_unclean,0,0,0,1,1,1,0,0,0,0,0,0,0,0,yes,minorities,0,0,0,0,1,0,0,0,,no,women,no,none,,,no,,phone,,,,,897,74333768,7266ab5a-e355-4878-9730-3510680874ef,2019-11-14T09:49:24,,54
2019-11-14T11:52:46.606+03:00,2019-11-14T12:49:40.358+03:00,2019-11-14,A00000480C85E1,????,??????,rdp,,YE15,YE1517,YE151721,YE15172100161,,urban,host,3000,,,yes,???? ?????,yes,2,,,0,protect_spring,protect_spring,no,,,,,,half,yes,waterpoints_far water_expensive waiting_time,1,0,0,0,1,0,1,0,0,0,0,0,0,,few,settle chlorine hh_filter,1,0,0,1,1,0,0,0,,,4,,,2,3,,men,,,yes,2019,nov,half,dnk,,,half,yes,soap_expensive,,yes,2019,dec,yes,yes,most,pit_latrine,pipes_broken latines_noprivacy,0,0,0,1,0,0,1,0,0,0,0,0,0,0,no,,,,,,,,,,,no,male_child,no,few,women,,yes,,phone,,,,,897,74334339,2337f3d1-b08f-4e8b-8660-1bc56dbdd662,2019-11-14T09:54:21,,55
2019-11-14T12:15:08.146+03:00,2019-11-14T12:50:21.221+03:00,2019-11-14,A00000480C85E1,????,??????,rdp,,YE15,YE1517,YE151721,other,??????? ???????,urban,host,3800,,,yes,???? ??????,yes,1,,,0,bottled_water,protect_well,no,,,,,,most,yes,storage_expensive waiting_time,0,0,0,0,0,1,1,0,0,0,0,0,0,,half,settle chlorine hh_filter,1,0,0,1,1,0,0,0,,,4,,,1,3,,women,,,yes,2019,oct,most,dnk,,,half,yes,soap_expensive,,yes,2019,oct,yes,yes,most,pit_latrine,latrines_nosewage sewage_street,0,0,1,0,1,0,0,0,0,0,0,0,0,0,dnk,,,,,,,,,,,no,male_child,no,half,women,,yes,,phone,,,,,897,74334342,451ef97b-8f65-4dff-9977-d12e4fe667df,2019-11-14T09:54:22,,56
2019-11-14T12:27:27.006+03:00,2019-11-14T12:52:08.176+03:00,2019-11-14,A00000480C85E1,????,??????,rdp,,YE15,YE1517,YE151721,other,??????? ??????,urban,host,3500,,,yes,??? ???? ???????,yes,1,,,0,bottled_water,piped_tap,no,,,,,,few,yes,waterpoints_far water_expensive,1,0,0,0,1,0,0,0,0,0,0,0,0,,half,settle hh_filter chlorine,1,0,0,1,1,0,0,0,,,4,,,1,5,,women,,,yes,2019,oct,half,dnk,,,few,yes,soap_expensive,,yes,2019,oct,yes,yes,half,pit_latrine,pipes_broken latrines_nosewage,0,0,1,1,0,0,0,0,0,0,0,0,0,0,dnk,,,,,,,,,,,no,male_child,no,half,women,,yes,,phone,,,,,897,74334345,37decd25-3e65-48e0-903b-2b141e399b4c,2019-11-14T09:54:22,,57
2019-11-14T12:36:23.336+03:00,2019-11-14T12:54:08.320+03:00,2019-11-14,A00000480C85E1,????,??????,rdp,,YE15,YE1517,YE151721,other,??????? ??????,urban,host,3200,,,yes,???? ??????,yes,1,,,0,protect_spring,bottled_water,no,,,,,,half,yes,waterpoints_far waiting_time,1,0,0,0,0,0,1,0,0,0,0,0,0,,half,settle chlorine hh_filter,1,0,0,1,1,0,0,0,,,4,,,1,5,,women,,,yes,2019,oct,half,dnk,,,half,yes,soap_expensive,,yes,2019,oct,yes,yes,most,pit_latrine,latrines_nosewage pipes_broken,0,0,1,1,0,0,0,0,0,0,0,0,0,0,dnk,,,,,,,,,,,no,male_child,no,half,women,,yes,,phone,,,,,897,74334347,5f4ffe56-e2c7-4b17-8dbb-ac5125590980,2019-11-14T09:54:23,,58
2019-11-13T16:17:47.796+03:00,2019-11-14T13:02:08.623+03:00,2019-11-13,A0000048434882,??????? ,???????,rdp,,YE15,YE1518,YE151821,YE15182100113,,urban,mixed,4000,,,yes,????,no,,,,0,protect_spring,water_trucking,yes,bad_smell,1,0,0,0,few,no,,,,,,,,,,,,,,,,few,settle boil,1,1,0,0,0,0,0,0,,,1,2,,,,,women,,,yes,2019,dnk,few,no,,,few,no,,,no,,,no,no,few,flush,no_latrines sewage_street,1,0,0,0,1,0,0,0,0,0,0,0,0,0,no,,,,,,,,,,,no,women,no,few,women,,no,,phone,,,,,897,74335324,bc654cf0-2c61-4f9e-b173-5b335e652729,2019-11-14T10:03:23,,59
2019-11-14T12:07:35.694+03:00,2019-11-14T12:56:14.523+03:00,2019-11-14,A0000048434882,???????,???????,rdp,,YE15,YE1518,YE151821,YE15182100113,,urban,mixed,4100,,,yes,?????,no,,,,0,water_trucking,bottled_water,no,,,,,,few,yes,waterpoints_far dangerous water_expensive waiting_time waterpoints_closed,1,0,1,0,1,0,1,1,0,0,0,0,0,,none,,,,,,,,,,,,,,,,,,,lack_materials,,no,,,few,dnk,,,few,yes,soap_expensive,,yes,2019,mar,dnk,yes,half,flush,no_latrines latrines_nosegreg latrines_noreach,1,0,0,0,0,0,0,1,0,1,0,0,0,0,yes,minorities disabled elderly,0,0,1,1,1,0,0,0,,yes,male_child,yes,few,women,,no,,phone,,,,,897,74335326,48623791-bd10-44b5-bc92-07e8d7923666,2019-11-14T10:03:24,,60
2019-11-14T12:20:03.402+03:00,2019-11-14T12:57:30.136+03:00,2019-11-14,A0000048434882,??? ????,???????,rdp,,YE15,YE1518,YE151821,YE15182100113,,urban,mixed,3900,,,yes,???? ???????,no,,,,0,water_trucking,protect_tank,dnk,,,,,,half,yes,waterpouint_noreach water_expensive storage_expensive waterpoints_closed,0,1,0,0,1,1,0,1,0,0,0,0,0,,few,boil,0,1,0,0,0,0,0,0,,,,2,,,,,women,,,no,,,few,dnk,,,few,yes,soap_expensive,,dnk,,,yes,yes,few,flush,latrines_notfunctioning pipes_broken sewage_street latrines_nosegreg,0,1,0,1,1,0,0,1,0,0,0,0,0,0,yes,minorities,0,0,0,0,1,0,0,0,,yes,male_child,yes,few,women,,no,,phone,,,,,897,74335329,4ae80d87-d221-4024-aec2-94c6c6c98f59,2019-11-14T10:03:26,,61
2019-11-14T12:31:12.582+03:00,2019-11-14T12:58:42.072+03:00,2019-11-14,A0000048434882,???????,???????,rdp,,YE15,YE1518,YE151821,YE15182100113,,urban,mixed,4000,,,yes,???? ???????,no,,,,0,water_trucking,protect_tank,no,,,,,,few,yes,water_expensive storage_expensive waiting_time waterpoints_closed,0,0,0,0,1,1,1,1,0,0,0,0,0,,few,boil,0,1,0,0,0,0,0,0,,,,2,,,,,women,,,dnk,,,few,dnk,,,half,yes,soap_expensive,,dnk,,,yes,yes,half,flush,latrines_notfunctioning latines_noprivacy latrines_nosegreg,0,1,0,0,0,0,1,1,0,0,0,0,0,0,yes,minorities,0,0,0,0,1,0,0,0,,yes,male_child,yes,few,women,,no,,phone,,,,,897,74335330,af2e17a0-5563-44f2-b0c7-a57e3250ad32,2019-11-14T10:03:27,,62
2019-11-14T12:40:11.667+03:00,2019-11-14T13:00:08.155+03:00,2019-11-14,A0000048434882,???????,???????,rdp,,YE15,YE1518,YE151821,YE15182100113,,urban,mixed,3950,,,yes,???? ????? ???????,no,,,,0,protect_tank,protect_tank,dnk,,,,,,half,yes,waterpoints_far dangerous water_expensive,1,0,1,0,1,0,0,0,0,0,0,0,0,,few,boil,0,1,0,0,0,0,0,0,,,,2,,,,,women,,,no,,,few,dnk,,,few,yes,soap_expensive,,dnk,,,yes,yes,most,pit_latrine,no_latrines latrines_notfunctioning sewage_street latrines_nosegreg,1,1,0,0,1,0,0,1,0,0,0,0,0,0,yes,minorities,0,0,0,0,1,0,0,0,,yes,male_child,refuse,few,women,,no,,phone,,,,,897,74335334,44df01e3-9ad5-4a17-a291-52ff0bfa5f24,2019-11-14T10:03:28,,63
